order_id,order_time,delivery_time,product,category,quantity,price_per_unit,total_price,customer_rating,customer_review
f55b4d14-3758-4191-a2c4-14ba7221bfe7,2023-01-19 22:09:33.809688,2023-01-19 22:40:33.809688,Potato,Vegetables,1,15,15,4,Product arrived earlier than expected.
20a18678-985f-4c74-82ee-8fc8ee3103b7,2023-02-25 02:30:54.475550,2023-02-25 02:48:54.475550,Orange,Fruits,5,30,150,3,"Product was okay, nothing special."
79b4735f-0350-4283-be08-d4cb734c5756,2023-02-02 09:27:58.845645,2023-02-02 09:59:58.845645,Nuts,Snacks,1,200,200,3,Decent product for the price paid.
6e15cd25-a4ad-4b1a-9416-26c7f1c07f02,2023-05-03 05:16:00.116522,2023-05-03 05:55:00.116522,Milk,Dairy,4,50,200,2,Quality did not match the description.
c75d8df2-11d4-4416-a3dc-a5060599caa4,2023-04-09 22:33:53.939336,2023-04-09 22:54:53.939336,Banana,Fruits,3,10,30,2,Not satisfied with the quality.
15e8c1f1-4034-4467-80bf-3ff3b0bad143,2023-03-18 13:34:01.882063,2023-03-18 13:56:01.882063,Chocolate,Snacks,3,150,450,5,Great quality and fresh!
2c018360-612b-4c80-9bb9-af5a2c43720a,2023-05-17 22:17:07.903398,2023-05-17 22:49:07.903398,Carrot,Vegetables,3,25,75,3,Decent product for the price paid.
f83479fc-e9b6-4873-9c35-bd5f32e4b0f3,2023-01-25 19:34:53.592719,2023-01-25 20:06:53.592719,Cookies,Snacks,3,40,120,5,Five stars for both product and delivery!
edf9286d-4f0e-44cc-b74f-15d092eadffe,2023-01-21 21:53:09.766240,2023-01-21 22:30:09.766240,Cookies,Snacks,2,40,80,3,"It’s fine, but not a standout."
c04c8bee-a4c5-4e2a-842c-4f8babd39640,2023-05-11 03:19:56.011963,2023-05-11 04:01:56.011963,Paneer,Dairy,3,120,360,3,"Average quality, could be better."
21922289-b7b1-41d9-938a-a7178c3fedc9,2023-06-07 04:02:47.904439,2023-06-07 04:27:47.904439,Nuts,Snacks,3,200,600,3,Satisfactory experience overall.
ce56da50-9473-4214-acc3-ce224caf65e9,2023-03-03 03:03:08.246413,2023-03-03 03:28:08.246413,Yogurt,Dairy,1,60,60,4,Five stars for both product and delivery!
cd2219af-9b2b-4e58-9f3f-516fdd152ae9,2023-03-28 11:21:06.190390,2023-03-28 12:03:06.190390,Tomato,Vegetables,1,20,20,4,Loved the freshness and packaging.
dd0f0533-59e0-49b0-9e9d-903fac1b17bd,2023-05-06 00:57:36.470973,2023-05-06 01:37:36.470973,Chips,Snacks,3,30,90,5,"Excellent product, worth the price."
fc0b2024-7e47-4ed0-b237-0792497536a4,2023-03-31 11:39:04.193070,2023-03-31 12:01:04.193070,Cookies,Snacks,3,40,120,4,"Absolutely perfect, no complaints."
152c1f80-069b-47a6-bf2f-ffad0c668888,2023-01-02 15:15:55.589495,2023-01-02 15:56:55.589495,Yogurt,Dairy,4,60,240,5,Product arrived earlier than expected.
7c7384b5-ecf3-42b3-aaf5-f5fd99eb9ccf,2023-04-20 12:08:46.252662,2023-04-20 12:29:46.252662,Onion,Vegetables,1,18,18,3,The packaging could be improved.
822d3940-11f7-41df-91ec-cad586ec337c,2023-04-02 22:17:34.264883,2023-04-02 22:43:34.264883,Tea,Beverages,4,100,400,2,The product was damaged on arrival.
5b8528cf-259c-4727-afc2-7f0beab3e447,2023-05-29 10:46:34.110463,2023-05-29 11:05:34.110463,Nuts,Snacks,1,200,200,4,"Fast delivery, very satisfied."
1ef66840-86b4-49f4-9f3f-1c104e8b4244,2023-05-11 10:15:23.050522,2023-05-11 10:35:23.050522,Milk,Dairy,2,50,100,3,"Delivery was on time, product met expectations."
3ce53244-e94f-4ff1-82f0-7d49a4051c21,2023-03-12 05:17:58.035437,2023-03-12 05:39:58.035437,Apple,Fruits,5,40,200,4,Great quality and fresh!
f5348639-08ec-4854-8b44-25ea5c4dee70,2023-05-01 19:49:17.409477,2023-05-01 20:12:17.409477,Carrot,Vegetables,3,25,75,1,Packaging was torn and messy.
5d934340-5e4f-4b77-853c-ec8f29237cca,2023-05-19 22:33:50.566225,2023-05-19 23:05:50.566225,Tomato,Vegetables,4,20,80,3,The packaging could be improved.
513f16db-a9e4-495d-9b51-9e50f8e0702b,2023-01-28 16:05:45.092787,2023-01-28 16:42:45.092787,Chocolate,Snacks,2,150,300,1,Expected better for the price.
1a71948e-11fa-4d04-9371-e68571f82860,2023-02-10 14:13:54.928720,2023-02-10 14:51:54.928720,Carrot,Vegetables,1,25,25,4,Loved the freshness and packaging.
dfb1d869-be29-4565-931e-2a5ee760c0a3,2023-05-17 23:14:20.619422,2023-05-17 23:46:20.619422,Onion,Vegetables,2,18,36,3,"It’s fine, but not a standout."
8f28b49d-7c6d-4f99-a5fe-93850255e2ea,2023-05-25 07:38:09.711665,2023-05-25 08:05:09.711665,Carrot,Vegetables,3,25,75,4,Great quality and fresh!
02d6518f-8c13-4977-8761-4080dc0cfaa1,2023-05-02 10:19:13.781845,2023-05-02 10:35:13.781845,Apple,Fruits,1,40,40,5,Loved the freshness and packaging.
186294e8-b263-4904-936e-e32ebd9fdeed,2023-01-28 03:00:00.044680,2023-01-28 03:19:00.044680,Tomato,Vegetables,3,20,60,5,"Consistently good quality, keeps me coming back."
1a14ab9e-7088-49a9-bff1-4419a6d37a37,2023-03-25 20:39:25.118035,2023-03-25 21:00:25.118035,Biscuits,Snacks,5,35,175,3,Meets the basic requirements.
6aef4303-41dd-4cb7-ae82-7da215d7a2a4,2023-02-05 14:12:07.853936,2023-02-05 14:55:07.853936,Chips,Snacks,3,30,90,5,Loved the freshness and packaging.
de76ff34-4d28-4abc-9f59-ee489f346c8d,2023-04-21 15:56:00.692020,2023-04-21 16:24:00.692020,Soda,Beverages,3,40,120,4,"Will order again, highly recommended."
dca6b94f-f4fa-49f6-9020-5b72cd764e54,2023-03-20 09:49:45.526059,2023-03-20 10:26:45.526059,Cookies,Snacks,5,40,200,1,Packaging was torn and messy.
2340db43-ae7b-42aa-8b45-0e132da9d537,2023-02-01 16:35:55.104630,2023-02-01 17:20:55.104630,Potato,Vegetables,4,15,60,5,Very happy with this purchase!
fba854e2-4024-4293-b779-7871ea659131,2023-05-30 01:17:53.257627,2023-05-30 01:44:53.257627,Chocolate,Snacks,1,150,150,5,Five stars for both product and delivery!
6d972f06-772a-4d2e-9e42-e992af34bed7,2023-01-04 12:44:27.794220,2023-01-04 13:13:27.794220,Butter,Dairy,4,90,360,4,Five stars for both product and delivery!
24fc38ea-18a8-47ef-a56c-d83b74c2734f,2023-05-11 09:51:40.866359,2023-05-11 10:20:40.866359,Water,Beverages,4,20,80,3,"Nothing extraordinary, but it works."
b57ab3e3-47c0-4d6f-a3e5-53129428b5fb,2023-02-27 00:56:28.831211,2023-02-27 01:14:28.831211,Yogurt,Dairy,3,60,180,4,Five stars for both product and delivery!
f4f32077-1751-468e-ac25-dadaa1232d7b,2023-04-25 01:45:55.176032,2023-04-25 02:05:55.176032,Nuts,Snacks,5,200,1000,3,"Average quality, could be better."
59ae162a-754d-4fb6-bcf4-7be9212a72fb,2023-03-11 19:07:57.229072,2023-03-11 19:33:57.229072,Orange,Fruits,5,30,150,5,"Consistently good quality, keeps me coming back."
d997e65d-ef74-4b30-87b6-769843dc455f,2023-03-15 23:32:40.580775,2023-03-15 23:48:40.580775,Biscuits,Snacks,5,35,175,5,Loved the freshness and packaging.
f6d938aa-3ab6-4abd-8825-79879a09befb,2023-02-23 18:26:11.514050,2023-02-23 18:50:11.514050,Spinach,Vegetables,3,22,66,4,"Will order again, highly recommended."
b0bf848c-c158-4a96-a653-9e5673ca32b1,2023-01-08 16:41:32.173201,2023-01-08 17:19:32.173201,Tomato,Vegetables,5,20,100,3,"Not bad, but I have seen better elsewhere."
a117932c-9297-4813-943c-1669f0148740,2023-04-21 23:30:14.736653,2023-04-22 00:09:14.736653,Cheese,Dairy,1,100,100,5,Loved the freshness and packaging.
7f5e3375-f23f-4d6c-8482-804246a96fa7,2023-02-16 22:31:21.181543,2023-02-16 23:03:21.181543,Butter,Dairy,2,90,180,5,"Excellent product, worth the price."
c6904821-6d05-4a15-8d68-a7a8e1ee617e,2023-03-06 00:52:15.879862,2023-03-06 01:13:15.879862,Cheese,Dairy,4,100,400,3,The packaging could be improved.
f5b2672d-106a-4b9f-85a8-fbca7fece30f,2023-03-19 06:39:40.425785,2023-03-19 06:55:40.425785,Onion,Vegetables,4,18,72,4,Product arrived earlier than expected.
89cf8959-460f-4f63-9bf5-47f936376e13,2023-02-23 11:04:05.831696,2023-02-23 11:38:05.831696,Chocolate,Snacks,4,150,600,2,Not satisfied with the quality.
ea727911-0aa9-4980-bb62-f30c1526c029,2023-01-17 12:39:49.184951,2023-01-17 13:02:49.184951,Grapes,Fruits,5,60,300,4,"Will order again, highly recommended."
ad62c4bc-d4bb-45f1-8f4e-5a50d4105d83,2023-04-19 12:40:27.810730,2023-04-19 12:55:27.810730,Tea,Beverages,4,100,400,1,"Wrong item delivered, very disappointing."
47703f36-2c31-40c3-91e3-318765f57cca,2023-06-24 20:43:09.030120,2023-06-24 21:28:09.030120,Yogurt,Dairy,2,60,120,3,Satisfactory experience overall.
0fbd2795-7108-4b77-bc27-46a1735f50b6,2023-01-08 09:40:14.018054,2023-01-08 09:58:14.018054,Nuts,Snacks,3,200,600,3,"Not bad, but I have seen better elsewhere."
ba1e0bdf-15c3-48c0-a014-326a4ca397e0,2023-05-24 20:24:48.983067,2023-05-24 20:47:48.983067,Tea,Beverages,3,100,300,1,The product was damaged on arrival.
72c1a2d1-4be0-4177-9d46-06550c026ccf,2023-01-11 05:56:52.821292,2023-01-11 06:29:52.821292,Potato,Vegetables,3,15,45,5,Five stars for both product and delivery!
1fe7acec-6aa1-47ac-9fb3-08cadaba227c,2023-04-24 08:29:30.714599,2023-04-24 09:08:30.714599,Carrot,Vegetables,5,25,125,3,Meets the basic requirements.
03151c75-5c92-4d6c-bdd1-e450ed3259de,2023-02-19 19:23:07.589738,2023-02-19 19:57:07.589738,Potato,Vegetables,5,15,75,1,Expected better for the price.
8d5c1dec-5246-4999-9cff-7332c93f6936,2023-05-19 23:20:39.604449,2023-05-19 23:55:39.604449,Tomato,Vegetables,3,20,60,3,"Average quality, could be better."
184c61b7-0518-413f-bada-4dd61ca4d146,2023-05-06 17:54:26.466158,2023-05-06 18:23:26.466158,Milk,Dairy,2,50,100,3,"It’s fine, but not a standout."
3602d0c3-5aff-43e3-ab00-7295f060e754,2023-04-29 03:17:56.248405,2023-04-29 03:32:56.248405,Potato,Vegetables,4,15,60,5,"Absolutely perfect, no complaints."
72893797-b194-42ee-97a6-99fd40448ea0,2023-06-05 02:02:04.890860,2023-06-05 02:35:04.890860,Tea,Beverages,2,100,200,4,"Excellent product, worth the price."
c8b48fd6-e051-4b00-a40d-42113ad26610,2023-04-22 12:29:33.954877,2023-04-22 12:50:33.954877,Cheese,Dairy,5,100,500,3,"Delivery was on time, product met expectations."
a073378c-33e2-4f41-950b-ca647f325176,2023-06-22 19:48:11.561774,2023-06-22 20:24:11.561774,Banana,Fruits,4,10,40,1,Not satisfied with the quality.
4ae4219d-d494-46e7-9ad8-9c358bce618a,2023-03-04 03:34:31.143128,2023-03-04 04:15:31.143128,Grapes,Fruits,2,60,120,4,Product arrived earlier than expected.
3dbd7cc0-d8e0-44f1-9ed4-d10ec80c3301,2023-06-22 05:01:48.165702,2023-06-22 05:33:48.165702,Banana,Fruits,5,10,50,4,"Consistently good quality, keeps me coming back."
310f2244-2ce1-4ac2-a689-671bb7d4f1f0,2023-05-28 11:54:21.577343,2023-05-28 12:29:21.577343,Cookies,Snacks,5,40,200,4,Product arrived earlier than expected.
19fafa9f-64e4-44df-8543-65c4163a7a55,2023-04-08 01:35:07.768186,2023-04-08 01:57:07.768186,Paneer,Dairy,2,120,240,3,"Not bad, but I have seen better elsewhere."
ea769b9d-979e-4f22-a60e-292503fe9550,2023-01-10 09:09:37.493224,2023-01-10 09:36:37.493224,Soda,Beverages,1,40,40,5,"Consistently good quality, keeps me coming back."
3e3cedb0-fbd4-487f-bd36-e407209b9d47,2023-04-10 14:10:08.544740,2023-04-10 14:35:08.544740,Juice,Beverages,1,80,80,3,"Delivery was on time, product met expectations."
494f3e08-8c38-4918-a4db-a0b6a8c384a3,2023-02-09 22:05:48.786156,2023-02-09 22:21:48.786156,Chocolate,Snacks,5,150,750,5,"Excellent product, worth the price."
ce517f8a-86a5-462b-8ef6-c13ec3b06f64,2023-04-25 09:37:22.140477,2023-04-25 10:14:22.140477,Chips,Snacks,1,30,30,4,"Excellent product, worth the price."
9731b02e-3481-4890-ae01-7fd5a52aa3b0,2023-03-19 02:13:16.890903,2023-03-19 02:50:16.890903,Tea,Beverages,1,100,100,5,"Excellent product, worth the price."
44d40517-61ed-49fb-baf2-4286e221c3fb,2023-04-16 21:05:39.549828,2023-04-16 21:20:39.549828,Mango,Fruits,4,50,200,3,"It’s fine, but not a standout."
5158bd07-e732-4ff6-a9a5-e61d03369a23,2023-03-27 05:37:01.025754,2023-03-27 06:12:01.025754,Milk,Dairy,2,50,100,5,Great quality and fresh!
be7507ca-b9e9-4f00-b3cc-28ea034439f9,2023-01-23 06:21:42.887637,2023-01-23 06:55:42.887637,Carrot,Vegetables,3,25,75,5,"Fast delivery, very satisfied."
ef9ecfdd-2029-477a-8dba-6c1c64bb70b0,2023-03-31 10:32:44.078980,2023-03-31 10:59:44.078980,Tomato,Vegetables,2,20,40,4,Five stars for both product and delivery!
a88b93a6-fd1e-4e47-973c-60245f14d0c9,2023-03-03 10:41:25.658535,2023-03-03 11:26:25.658535,Biscuits,Snacks,5,35,175,5,Very happy with this purchase!
76a917a9-f3a0-4e08-bb93-c4488f29f340,2023-03-24 20:05:29.546979,2023-03-24 20:22:29.546979,Spinach,Vegetables,5,22,110,4,Great quality and fresh!
7cf96ce4-5e3d-465d-9eb7-0cd00cc3f424,2023-05-17 17:23:28.086415,2023-05-17 17:52:28.086415,Coffee,Beverages,5,150,750,5,Product arrived earlier than expected.
41dbb9b2-d88a-4be4-90de-1190f0ae8339,2023-03-29 09:15:18.874361,2023-03-29 09:57:18.874361,Cookies,Snacks,5,40,200,4,Great quality and fresh!
2801d0cd-1c50-4ce7-91df-2af5fa477308,2023-04-16 02:12:37.264533,2023-04-16 02:53:37.264533,Tomato,Vegetables,2,20,40,1,Product was not fresh.
372956f8-9a20-4f56-bf1b-c045c86b81a5,2023-04-27 16:56:59.148813,2023-04-27 17:31:59.148813,Biscuits,Snacks,1,35,35,4,Product arrived earlier than expected.
5da046b6-62b8-4d9d-82bb-f3567bc9884f,2023-03-05 23:02:18.714025,2023-03-05 23:21:18.714025,Grapes,Fruits,5,60,300,3,Meets the basic requirements.
ac9d9e80-4e54-4082-be4c-07742388114d,2023-02-01 14:06:27.847094,2023-02-01 14:27:27.847094,Onion,Vegetables,1,18,18,5,Loved the freshness and packaging.
ce90289f-826d-4593-a111-87e2ea709520,2023-06-23 14:20:42.237584,2023-06-23 14:44:42.237584,Orange,Fruits,5,30,150,4,"Excellent product, worth the price."
73e87297-3bfe-40cd-9c4e-5b8189da9c7e,2023-05-05 23:14:42.436116,2023-05-05 23:29:42.436116,Banana,Fruits,2,10,20,3,"Not bad, but I have seen better elsewhere."
2476142c-624a-40d2-a8a3-0f0dd8b01b06,2023-03-02 12:51:11.541285,2023-03-02 13:22:11.541285,Coffee,Beverages,1,150,150,3,"It’s fine, but not a standout."
dc63d0eb-5027-417b-aa56-861ebe0a4cff,2023-06-18 05:42:26.497692,2023-06-18 06:23:26.497692,Biscuits,Snacks,3,35,105,5,Great quality and fresh!
beaebe26-924d-410d-b0a2-c98a87d8184e,2023-04-27 13:39:42.629751,2023-04-27 13:58:42.629751,Chips,Snacks,3,30,90,1,Delivery was late and packaging was poor.
dfd5f645-4d8c-4ede-a77d-a8c747e977ed,2023-03-18 07:00:32.697125,2023-03-18 07:15:32.697125,Water,Beverages,5,20,100,3,The packaging could be improved.
cb65ec2e-a58e-4344-8db0-4ff6160d835e,2023-02-18 09:11:05.330262,2023-02-18 09:49:05.330262,Soda,Beverages,2,40,80,4,"Consistently good quality, keeps me coming back."
9f730217-fe2a-4044-8663-435f4c246b3e,2023-04-14 06:37:34.126163,2023-04-14 07:17:34.126163,Cookies,Snacks,2,40,80,5,"Excellent product, worth the price."
d181c37e-407b-406b-959e-0989e18b652f,2023-05-28 23:50:30.842021,2023-05-29 00:10:30.842021,Biscuits,Snacks,4,35,140,3,"It’s fine, but not a standout."
fac442b5-a6e0-47c9-8395-f34b04721bae,2023-03-13 04:34:28.286532,2023-03-13 04:54:28.286532,Orange,Fruits,1,30,30,3,"Delivery was on time, product met expectations."
49d387ba-c178-4663-bb25-856e0e41f188,2023-06-16 22:05:43.758360,2023-06-16 22:36:43.758360,Tomato,Vegetables,4,20,80,3,Meets the basic requirements.
f3a1689a-2344-4eef-a2a8-3d3ae70db238,2023-01-10 23:44:27.973220,2023-01-11 00:24:27.973220,Nuts,Snacks,3,200,600,5,Five stars for both product and delivery!
2d6d0285-0439-4bc5-973c-95333a0a918f,2023-01-26 08:58:28.628675,2023-01-26 09:22:28.628675,Soda,Beverages,4,40,160,3,The packaging could be improved.
5409e020-c725-4ed9-b588-519e8ea4c496,2023-03-27 10:30:13.297616,2023-03-27 10:58:13.297616,Banana,Fruits,4,10,40,5,"Excellent product, worth the price."
6ae66e33-46a7-4579-9455-1d14e147d76b,2023-04-16 19:32:33.610893,2023-04-16 19:57:33.610893,Orange,Fruits,3,30,90,5,Very happy with this purchase!
f1ada34b-93cb-4839-8d91-f3ccd1a89282,2023-06-08 15:33:35.002060,2023-06-08 16:18:35.002060,Onion,Vegetables,3,18,54,3,"Product was okay, nothing special."
75d3eb37-16c1-4f9a-8265-c04d4c4faaa4,2023-03-30 08:16:42.005435,2023-03-30 08:56:42.005435,Tea,Beverages,1,100,100,3,"Not bad, but I have seen better elsewhere."
